<?xml version="1.0" encoding="UTF-8"?>
<project-private xmlns="http://www.netbeans.org/ns/project-private/1">
    <editor-bookmarks xmlns="http://www.netbeans.org/ns/editor-bookmarks/2" lastBookmarkId="0"/>
    <open-files xmlns="http://www.netbeans.org/ns/projectui-open-files/2">
        <group>
            <file>file:/home/bridean/NetBeansProjects/ProbableisticMelody/src/probableisticmelody/NoteMap.java</file>
            <file>file:/home/bridean/NetBeansProjects/ProbableisticMelody/src/probableisticmelody/ProbFrame.java</file>
            <file>file:/home/bridean/NetBeansProjects/ProbableisticMelody/src/probableisticmelody/GeneralPanel.java</file>
            <file>file:/home/bridean/NetBeansProjects/ProbableisticMelody/src/probableisticmelody/GeneralMelodyPanel.java</file>
            <file>file:/home/bridean/NetBeansProjects/ProbableisticMelody/src/probableisticmelody/MelodiesAndRhythm.java</file>
            <file>file:/home/bridean/NetBeansProjects/ProbableisticMelody/src/probableisticmelody/StochasticMatrix.java</file>
            <file>file:/home/bridean/NetBeansProjects/ProbableisticMelody/src/probableisticmelody/GridLayoutDemo.java</file>
            <file>file:/home/bridean/NetBeansProjects/ProbableisticMelody/src/probableisticmelody/Rhythm.java</file>
            <file>file:/home/bridean/NetBeansProjects/ProbableisticMelody/src/probableisticmelody/RhythmMap.java</file>
            <file>file:/home/bridean/NetBeansProjects/ProbableisticMelody/src/probableisticmelody/SliderPanel.java</file>
            <file>file:/home/bridean/NetBeansProjects/ProbableisticMelody/src/probableisticmelody/MidiSequence.java</file>
            <file>file:/home/bridean/NetBeansProjects/ProbableisticMelody/src/probableisticmelody/NoteGridPanel.java</file>
            <file>file:/home/bridean/NetBeansProjects/ProbableisticMelody/src/probableisticmelody/RhythmPanel.java</file>
        </group>
    </open-files>
</project-private>
